﻿<?xml version="1.0" encoding="UTF-8" standalone="yes"?>
<addon id="maldsuado" name="Maldsuado repository" version="0.0.1" provider-name="Malsuado">
	<extension point="xbmc.addon.repository" name="Demonstration Add-on Repository">
		<info compressed="false">http://raw.github.com/maldsuado/maldsuado/master/addons.xml</info>
		<checksum>http://raw.github.com/maldsuado/maldsuado/master/addons.xml.md5</checksum>
		<datadir zip="true">http://raw.github.com/maldsuado/maldsuado/master/repo/</datadir>
	</extension>
	<extension point="xbmc.addon.metadata">
		<summary>maldsuado Addon</summary>
		<description>Addon Description</description>
		<disclaimer></disclaimer>
		<platform>all</platform>
	</extension>
</addon>